{"loss": [0.6894761919975281, 0.6233612298965454, 0.6165587306022644, 0.5950347781181335, 0.5932039022445679, 0.5993494987487793, 0.5087644457817078, 0.3823060691356659, 0.35923248529434204, 0.3235071003437042, 0.31638017296791077, 0.2922247648239136, 0.29293394088745117, 0.27553024888038635, 0.2689918577671051, 0.26691997051239014, 0.2577570974826813, 0.25252193212509155, 0.24553239345550537, 0.24550166726112366, 0.24372677505016327, 0.23852650821208954, 0.23273663222789764, 0.2229541391134262, 0.21670061349868774, 0.21435260772705078, 0.20517908036708832, 0.1989845335483551, 0.1930711269378662, 0.18704935908317566, 0.18589095771312714, 0.184692844748497, 0.19045788049697876, 0.18674559891223907, 0.18533898890018463, 0.18133719265460968, 0.177612766623497, 0.1799864023923874, 0.1754525750875473, 0.17226102948188782, 0.16788290441036224, 0.1687183827161789, 0.1671181619167328, 0.16416557133197784, 0.16126853227615356, 0.1602853387594223, 0.15922054648399353, 0.15293920040130615, 0.1543668806552887, 0.15091636776924133, 0.14659439027309418, 0.14048954844474792, 0.13588210940361023, 0.14234256744384766, 0.1380174607038498, 0.12826485931873322, 0.1246374323964119, 0.12444210797548294, 0.13860121369361877, 0.1250019669532776], "accuracy": [0.6702894568443298, 0.7684061527252197, 0.7685160040855408, 0.7683566808700562, 0.768505871295929, 0.7684990763664246, 0.7684224247932434, 0.7684767246246338, 0.7689493894577026, 0.7810702919960022, 0.814030647277832, 0.8539937138557434, 0.8534342646598816, 0.8639865517616272, 0.8703559041023254, 0.8712124228477478, 0.8727477788925171, 0.8732523322105408, 0.87677001953125, 0.8760687708854675, 0.87982177734375, 0.8811713457107544, 0.8803392052650452, 0.881134033203125, 0.8813110589981079, 0.8814432621002197, 0.8818373084068298, 0.8831793665885925, 0.8846794962882996, 0.8866332769393921, 0.8888319134712219, 0.8915371298789978, 0.8932631015777588, 0.8972262740135193, 0.9036471843719482, 0.9074937701225281, 0.9124904870986938, 0.9142612218856812, 0.9119696617126465, 0.9184773564338684, 0.9196153283119202, 0.919611930847168, 0.9177781939506531, 0.9204420447349548, 0.9218926429748535, 0.9242316484451294, 0.9227532148361206, 0.9269796013832092, 0.9272345900535583, 0.9290174841880798, 0.9323812127113342, 0.9367824792861938, 0.938450813293457, 0.9362142086029053, 0.9371887445449829, 0.9445888996124268, 0.9465982913970947, 0.9466159343719482, 0.9397101402282715, 0.9467332363128662], "val_loss": [0.6430081129074097, 0.6384369134902954, 0.6198358535766602, 0.5625222325325012, 0.625281810760498, 0.5987533330917358, 0.4033671021461487, 0.3801063299179077, 0.34394022822380066, 0.3246457874774933, 0.3158889710903168, 0.28785184025764465, 0.3026534616947174, 0.29056939482688904, 0.2933500409126282, 0.27244576811790466, 0.28163647651672363, 0.2735157608985901, 0.2670454978942871, 0.27593785524368286, 0.2682872414588928, 0.2308628261089325, 0.24118182063102722, 0.23536960780620575, 0.23827381432056427, 0.23387527465820312, 0.215937539935112, 0.21782954037189484, 0.2150866687297821, 0.2098081111907959, 0.19203481078147888, 0.20080700516700745, 0.19705238938331604, 0.19192935526371002, 0.197980135679245, 0.20459064841270447, 0.19841356575489044, 0.17843113839626312, 0.1867394596338272, 0.18721947073936462, 0.18148274719715118, 0.18058434128761292, 0.17587026953697205, 0.17554058134555817, 0.18560688197612762, 0.18361714482307434, 0.1737413853406906, 0.16152764856815338, 0.15710243582725525, 0.15908679366111755, 0.15452921390533447, 0.15866750478744507, 0.14770568907260895, 0.14671477675437927, 0.13428816199302673, 0.14638400077819824, 0.14449304342269897, 0.151271253824234, 0.14713922142982483, 0.1366874724626541], "val_accuracy": [0.7640625238418579, 0.7640746831893921, 0.7640746831893921, 0.7640746831893921, 0.7640746831893921, 0.7640746831893921, 0.7640746831893921, 0.7640746831893921, 0.7640320062637329, 0.795214831829071, 0.842529296875, 0.864636242389679, 0.867535412311554, 0.859820544719696, 0.8716980218887329, 0.87335205078125, 0.8744872808456421, 0.873150646686554, 0.876605212688446, 0.8778442144393921, 0.877947986125946, 0.880603015422821, 0.8798278570175171, 0.8812011480331421, 0.8791443109512329, 0.879321277141571, 0.8820434808731079, 0.880352795124054, 0.883807361125946, 0.8855651617050171, 0.8883117437362671, 0.8871520757675171, 0.8945678472518921, 0.898822009563446, 0.8997741937637329, 0.8966919183731079, 0.902020275592804, 0.913177490234375, 0.910552978515625, 0.9067932367324829, 0.9089416265487671, 0.9113219976425171, 0.913684070110321, 0.9118102788925171, 0.9040893316268921, 0.9043639898300171, 0.912750244140625, 0.923168957233429, 0.9268249273300171, 0.9289916753768921, 0.9323669672012329, 0.9224487543106079, 0.933276355266571, 0.9360107183456421, 0.944537341594696, 0.9357055425643921, 0.9344421625137329, 0.9314819574356079, 0.937915027141571, 0.94268798828125]}